{
  "parent": "minecraft:block/carved_pumpkin",
  "overrides": [
    {"predicate": {"custom_model_data":1}, "model": "item/carved_pumpkin_1"},
    {"predicate": {"custom_model_data":1}, "model": "item/carved_pumpkin_2"},
    {"predicate": {"custom_model_data":1}, "model": "item/carved_pumpkin_3"},
    {"predicate": {"custom_model_data":1}, "model": "item/carved_pumpkin_4"},
    {"predicate": {"custom_model_data":1}, "model": "item/carved_pumpkin_5"},
    {"predicate": {"custom_model_data":1}, "model": "item/carved_pumpkin_6"},
    {"predicate": {"custom_model_data":1}, "model": "item/carved_pumpkin_7"},
    {"predicate": {"custom_model_data":1}, "model": "item/carved_pumpkin_8"}
  ]
}