{
	"texture_size": [16, 32],
	"textures": {
		"0": "block/carved_pumpkin_02",
		"particle": "block/carved_pumpkin_02"
	},
	"elements": [
		{
			"from": [0, 0, 16],
			"to": [16, 32, 16],
			"rotation": {"angle": 0, "axis": "y", "origin": [8, 16, 0]},
			"faces": {
				"north": {"uv": [0, 0, 16, 16], "texture": "#missing"},
				"east": {"uv": [0, 0, 0, 16], "texture": "#missing"},
				"south": {"uv": [0, 0, 16, 16], "texture": "#0"},
				"west": {"uv": [0, 0, 0, 16], "texture": "#missing"},
				"up": {"uv": [0, 0, 16, 0], "rotation": 180, "texture": "#missing"},
				"down": {"uv": [0, 0, 16, 0], "rotation": 180, "texture": "#missing"}
			}
		}
	],
	"display": {
		"gui": {
			"rotation": [0, 180, 0]
		},
		"head": {
			"translation": [0, -30, 0],
			"scale": [1.5, 1.5, 2]
		},
		"fixed": {
			"translation": [0, 0, 0],
			"scale": [2, 2, 1]
		}
	}
}